{
  "accuracy": 0.8688524590163934,
  "precision": 0.8125,
  "recall": 0.9285714285714286,
  "f1": 0.8666666666666667,
  "roc_auc": 0.9610389610389611
}